"Marca temporal","Nombre de usuario","Dominio Web","Logo de tu empresa","  Nombre completo de la empresa  ","  Eslogan principal  ","  Breve descripción de la empresa  ","  Descripción detallada de la empresa","Imagen para el banner principal  ","Añadir Servicios de tu negocio","Eliminar Servicios ","Proyectos Destacados","Datos de estadisticas","Datos de esta sección","Imagen de esta sección","Datos de esta sección ","Imagen de la sección","Datos de la sección","Imágenes de los clientes","Datos de la sección","Información adicional  "
"2025/06/04 8:46:11 p.m. GMT-3","siondesarrollos@gmail.com","siondesarrollospy.com","https://drive.google.com/u/1/open?usp=forms_web&id=1DhZ2AgrP4sPUErAGrX6ZWeFgfqkMv_nC","Sion Desarrollos E.A.S","Mas que una casa, un legado","Somos una empresa desarrolladora enfocada en la construcción de viviendas, especialmente casas tipo dúplex y proyectos residenciales. Creamos hogares funcionales, modernos y accesibles, pensados para brindar confort, calidad de vida y una inversión segura. Nuestro compromiso es transformar espacios en lugares donde las familias puedan crecer y proyectar su futuro.","En Sion Desarrollos transformamos ideas en hogares. Nos enfocamos en la construcción de casas tipo dúplex y proyectos residenciales, ofreciendo soluciones de calidad, funcionales y pensadas para el bienestar de las familias.","https://drive.google.com/u/1/open?usp=forms_web&id=1OduaOz7VHBgxZ3DnCIkr-2MihfUDtDzC","Servicio: Desarrollo de Proyectos Residenciales
Descripción: Planificamos y ejecutamos proyectos habitacionales propios, desde el diseño arquitectónico hasta la entrega final.","eliminar: 2, 3, 5, 6. nuestro servicio específicamente es el desarrollo de proyectos inmobiliario de nuestros propios productos para la entrega de viviendas terminadas llave en mano a los clientes.","https://drive.google.com/u/1/open?usp=forms_web&id=1voHiEjNrvZWkB64HCs70cQ6Yg7Qda441","Años de experiencia: 6 años","
Título de la sección:
Comprometidos con la excelencia en cada proyecto

Descripción general:
Ofrecemos proyectos de alta calidad, con diseño funcional, cumplimiento en los plazos y atención personalizada. Nuestro compromiso es brindar soluciones confiables que superen las expectativas.

Características diferenciadoras:
✅ Calidad Superior
✅ Entrega a Tiempo
✅ Equipo Profesional
✅ Sostenibilidad","https://drive.google.com/u/1/open?usp=forms_web&id=1cGLrvMdFmVpYd261ob0OHQ4L26TH3oGL","7 años de experiencia construyendo el futuro
Construyendo confianza y calidad desde 2018

Desde nuestra fundación en 2018, hemos trabajado con un propósito claro: desarrollar proyectos inmobiliarios que combinen diseño, funcionalidad y compromiso social. A lo largo de estos 7 años, nos consolidamos como una empresa confiable y cercana, que entiende las necesidades reales de las personas y ofrece soluciones habitacionales de alto valor.

Cada obra refleja nuestros valores: excelencia en los detalles, confianza en el cumplimiento, innovación constante en nuestros procesos y un firme compromiso con la sustentabilidad. Más que construir viviendas, construimos relaciones duraderas, entornos de calidad y futuro para las comunidades.","https://drive.google.com/u/1/open?usp=forms_web&id=1eg2v0C0P-74TFXINJBBBl8o62wxR1v7B","incorporar mas adelante","","Contacto
Dirección:
Parapití esq. Karandayty, Mariano Roque Alonso

Teléfono principal:
📞 0971 920 015

Correo electrónico:
✉️ siondesarrollos@gmail.com

Horario de atención:
🕐 24 horas

WhatsApp atención al cliente:
📱 0971 920 015 – Walter Valenzuela
📱 0971 623 846 – Tamara Valenzuela

Redes sociales:

WhatsApp: https://wa.me/595971920015

Facebook: https://www.facebook.com/share/16dxgx3ADw/

TikTok: https://www.tiktok.com/@sion.desarrollos?_t=ZM-8ww9LH2n6mL&_r=1

Instagram: https://www.instagram.com/siondesarrollospy?igsh=MWdhZTc3dWoxc3J4eQ==","Por el momento todo está perfecto, no requiero cambios ni adiciones extras. ¡Gracias!
"